Toyota Prado 2.7 Txl Sumo,$242.000.000,2021,47.000,Plateado,Gasolina
Toyota Prado 4.0 TX-L 7 Pasajeros 4x4,$139.000.000,2013,118.300,Blanco,Gasolina
Toyota Prado 3.0 Tx-l Fl 170 hp,$192.000.000,2015,85.600,Gris,Diésel
Toyota Prado 3.0 Tx,$148.000.000,2014,157.150,Blanco,Diésel
Toyota Prado 3.0 Tx,$147.000.000,2012,179.667,Gris,Diésel
Toyota Prado 2.7 Sumo,$61.000.000,2007,211.000,Gris,Gasolina
Toyota Prado 3.0 Tx-l Blindaje 2 plus,$240.000.000,2018,101.000,Gris,Diésel
Toyota Prado TXL,$150.000.000,2013,163.000,Gris,Diésel
Toyota Prado 3.0 Txl 4x4,$290.000.000,2020,53.000,Blanco,Diésel
Toyota Prado 2.7 Select,$48.000.000,1999,230.000,Plateado,Gasolina
Toyota Prado Txl 2019,$240.000.000,2019,74.200,Blanco,Gasolina
Toyota Prado 4.0 Tx-l Fl,$218.000.000,2019,95.000,Blanco,Gasolina
Toyota Prado 3.4 Vx,$73.000.000,2007,147.800,Gris,Gasolina
Toyota Prado 3.0 Tx,$148.000.000,2013,162.700,Rojo,Diésel
Toyota Prado 3.0 Tx,$148.000.000,2014,134.169,Gris,Diésel
Toyota Prado 2.8 Tx-l Blindaje 2 Plus 2021,$320.000.000,2021,41.105,Blanco,Diésel
Toyota Prado 3.0 Tx,$150.000.000,2013,142.000,Dorado,Diésel
Toyota Prado 4.0 Tx-l,$138.000.000,2011,129.300,Plateado,Gasolina
Toyota Prado 3.0 Tx Fl,$165.000.000,2014,122.916,Gris,Diésel
Toyota Prado 3.0 VX FL  TP EURO,$320.000.000,2019,27.595,Plateado,Diésel
Toyota Prado 4.0 VX FL 2,$357.000.000,2022,22.129,Blanco,Gasolina
Toyota Prado ,$158.000.000,2014,118.720,Plateado,Diésel
Toyota Prado 3.4 Vx,$69.800.000,2006,205.000,Gris,Gasolina
Toyota Prado 3.0 Tx-l,$155.000.000,2012,165.210,Blanco,Diésel
Toyota Prado 3.0 Tx-l,$180.000.000,2014,106.000,Gris,Diésel
Toyota Prado 2.7 Sumo Blindado,$55.500.000,2005,234.000,Gris,Gasolina
Toyota Prado 3.4 Vx  BLINDADO,$67.000.000,2004,147.500,Dorado,Gasolina
Toyota Prado 4.0 Tx Ambission,$150.000.000,2013,91.718,Gris,Gasolina
Toyota Prado 4.0 Tx-l Fl,$215.000.000,2017,66.822,Blanco,Gasolina
Toyota Prado 2.7 Tx Sumo,$122.000.000,2010,131.000,Plateado,Gasolina
Toyota Prado 3.0 Tx Fl,$190.000.000,2017,76.366,Plateado,Diésel
Toyota Prado 2.7 4l,$52.000.000,2005,151.140,Gris,Gasolina
Toyota Hilux 2.7l,$130.000.000,2022,6.200,Blanco,Gasolina
Toyota Prado 3.0 Tx Fl,$289.000.000,2020,48.000,Gris,Diésel
Toyota Prado 2.7 Sumo Action,$70.000.000,2007,107.382,Negro,Gasolina
Toyota Prado 3.0 Tx-l Blindaje 2 plus,$265.000.000,2020,53.500,Gris,Diésel
Toyota Prado 3.0 Tx-l Fl,$210.000.000,2016,100.000,Gris,Diésel
Toyota Prado 3.0 Tx-l Fl,$210.000.000,2016,100.000,Gris,Diésel
Toyota Prado 3.4,$57.900.000,1999,204.500,Azul,Gasolina
Toyota Prado 3.0 TX-L Diesel,$209.800.000,2017,90.000,Blanco,Diésel
Toyota Prado 3.0 Tx-l,$173.000.000,2013,139.000,Plateado,Diésel
Toyota Prado 3.4 Vx,$79.000.000,2009,180.000,Gris,Gasolina
Toyota Prado 3.4 Vx,$45.900.000,1999,190.000,Verde,Gasolina
Toyota Prado Tx 4.0cc At Aa 4x4 ,$175.000.000,2015,120.000,Negro,Gasolina
Toyota Prado Txl 3.0cc At Aa 4x4 ,$270.000.000,2019,58.939,Blanco,Diésel
Toyota Prado 2.8 Vx At6,$449.000.000,2024,18.000,Plateado,Diésel
Toyota Prado Tx-l Black Edition 2.800cc Automática Dsl 4x4,$385.000.000,2024,2.200,Gris,Diésel
Toyota Prado 4.0 Tx,$122.000.000,2011,119.500,Plateado,Gasolina
Toyota Prado Txl 4x4 3000cc At Aa,$205.000.000,2017,97.000,Blanco,Diésel
Toyota Prado 3.0 Tx-l,$172.000.000,2014,175.897,Plateado,Diésel
Toyota Prado 3.4 Vx,$76.800.000,2009,150.000,Gris,Gasolina
Toyota Prado 3.0 Tx-l Fl,$174.800.000,2014,130.000,Blanco,Diésel
Toyota Prado Txl 4.000cc Automática Gasolina 4x4,$230.000.000,2018,61.000,Plateado,Gasolina
Toyota 4Runner 4.0 Sr5 Blindaje 2+,$285.000.000,2023,6.918,Blanco,Gasolina
Toyota Prado 3.0 Tx-l Fl,$204.800.000,2017,100.000,Blanco,Diésel
Toyota Prado Vx Gasolina Con Vidrios Antiatraco,$280.000.000,2020,49.500,Blanco,Gasolina
Toyota Prado 4.0 Tx-l Fl,$260.000.000,2022,23.000,Blanco,Gasolina
Toyota Prado 4.0 Tx-l Fl,$278.500.000,2022,40.000,Color not found,Gasolina
Toyota Prado 3.0 Vx,$104.900.000,2009,198.000,Blanco,Diésel
Toyota Prado 3.0 Tx-l Fl,$269.000.000,2019,54.000,Gris,Diésel
Toyota Prado 3.0 TX-L BLINDAJE 2 PLUS,$269.900.000,2019,60.000,Blanco,Diésel
Toyota Prado 4.0 Tx,$137.800.000,2012,140.000,Color not found,Gasolina
Toyota Prado 4.0 Tx-l Fl,$164.900.000,2015,143.000,Color not found,Gasolina
Toyota Prado Vxa 3.4cc At Aa 4x4 ,$82.000.000,2006,224.050,Gris,Gasolina
Toyota Prado 2.7 Sumo Ego,$54.900.000,2005,198.000,Verde,Gasolina
Toyota Prado 3.0 TX DIESEL,$170.000.000,2014,151.000,Blanco,Diésel
Toyota Prado Vx 4x4 3400cc Mt Aa,$57.000.000,2005,193.000,Gris,Gasolina
Toyota Prado 2.7 Sumo Unlimited,$57.500.000,2006,290.759,Plateado,Gasolina
Toyota Prado 4.0 Tx-l,$145.000.000,2011,114.000,Plateado,Gasolina
Toyota Prado 3.0 Tx-l Fl 2 Ii,$289.700.000,2019,63.000,Blanco,Diésel
Toyota Prado 3.0 Tx-l Fl,$219.000.000,2017,84.000,Gris,Diésel
Toyota Prado 3.0 Tx-l Fl 2 Ii,$289.700.000,2020,42.000,Plateado,Diésel
Toyota Prado 4.0 Tx-l,$169.800.000,2013,145.000,Plateado,Gasolina
Toyota Prado 3.0 Tx,$122.000.000,2011,215.000,Gris,Diésel
Toyota Prado 2.8 Tx-L At6,$380.000.000,2023,20.000,Blanco,Diésel
Toyota Prado Land Cruiser Vxl 4x4 3000cc At Aa,$180.000.000,2012,129.000,Blanco,Diésel
Toyota Prado 3.0 Tx-l Fl,$290.000.000,2020,62.000,Plateado,Diésel
Toyota Prado 3.0 TXL,$139.000.000,2011,205.000,Plateado,Diésel
Toyota Corolla Cross 1.8 Xe-i Cross,$124.000.000,2022,37.000,Plateado,Híbrido
Toyota Prado 4.0 Tx,$116.900.000,2012,89.000,Azul,Gasolina
Toyota Prado Txl 4x4 4000cc At Aa,$250.000.000,2017,69.000,Blanco,Gasolina
Toyota Prado 3.0 Tx-l Fl,$220.000.000,2017,92.700,Blanco,Diésel
Toyota Prado Tx 4x4 3000cc At Aa,$150.000.000,2012,133.000,Plateado,Diésel
Toyota Prado 4.0 Tx-l Fl,$175.000.000,2017,126.000,Plateado,Gasolina
Toyota Prado Txl 4x4 3000cc At Aa,$260.000.000,2019,74.567,Blanco,Diésel
Toyota Prado 3.0 Tx-l Fl,$245.000.000,2019,105.400,Blanco,Diésel
Toyota Prado 4.0 Tx-l,$136.000.000,2011,159.000,Gris,Gasolina
Toyota Prado TXL 4.0,$279.900.000,2022,28.000,Plateado,Gasolina
Toyota Prado Tx-l B2+ 2015,$198.000.000,2015,123.100,Plateado,Diésel
Toyota Prado 2.7 Sumo,$54.500.000,2004,185.000,Color not found,Gasolina
Toyota Land Prado Txl Blindada 2021,$297.900.000,2021,28.400,Blanco,Gasolina
Toyota Prado TXL 2.8CC 4X4 AT AA,$312.000.000,2022,17.000,Gris,Diésel
Toyota Prado 3.0 Vx,$163.000.000,2013,107.000,Gris,Diésel
Toyota Prado Vx Fl 2,$289.900.000,2019,81.000,Blanco,Diésel
Toyota Prado Vx 4.000cc Automática Gasolina 4x4,$328.000.000,2019,66.000,Blanco,Gasolina
Toyota Prado 3.0 Tx,$159.900.000,2013,103.984,Gris,Diésel
Toyota Prado 4.0 Tx-l Fl,$169.000.000,2015,109.000,Blanco,Gasolina
Toyota Prado 2.7 Sumo,$78.000.000,2009,160.000,Negro,Gasolina
Toyota Prado 4.0 Tx-l,$147.900.000,2013,95.000,Gris,Gasolina
Toyota Prado Sumo 4x4 2700cc Mt Aa,$70.500.000,2006,208.500,Gris,Gasolina
Toyota Prado 3.4 Vx,$85.000.000,2006,150.000,Plateado,Gasolina
Toyota Prado 3.0 Tx-l Fl,$199.900.000,2017,165.000,Blanco,Diésel
Toyota Prado 4.0 Txl 4x4 Automatica,$165.900.000,2014,131.075,Blanco,Gasolina
Toyota Prado Tx-l 3.0 Aut.sec 4x4 2019 959,$252.900.000,2019,88.000,Blanco,Diésel
Toyota Fortuner 2.7l,$154.900.000,2019,32.500,Plateado,Gasolina
Toyota Prado TXL 4.0,$239.900.000,2021,33.500,Blanco,Gasolina
Toyota Prado 4.0 Tx,$152.000.000,2013,170.000,Gris,Gasolina
Toyota Prado 2.8 Tx-L At6,$335.000.000,2021,22.879,Blanco,Diésel
Toyota Prado Txl 3.0 Diesel 2019 At,$265.000.000,2019,72.834,Blanco,Diésel
Toyota Prado 2.8 Tx At6,$319.000.000,2023,11.000,Gris,Diésel
Toyota Prado Sumo 4x4 2700cc Mt Aa,$72.000.000,2009,129.000,Negro,Gasolina
Toyota Prado 4.0 Tx-l Fl,$147.000.000,2015,89.000,Blanco,Gasolina
Toyota Prado Txl 4.0 Body Kit At Modelo 2019 ,$214.900.000,2019,48.928,Blanco,Gasolina
Toyota Prado 3.0cc At Aa 4x4 ,$260.000.000,2019,75.400,Blanco,Diésel
Toyota Prado Sumo Tx  2700cc At Aa,$112.000.000,2010,165.000,Negro,Gasolina
Toyota Prado 3.0 Tx,$149.900.000,2012,155.145,Gris,Diésel
Toyota Prado 3.0 Tx Fl 170 hp,$163.000.000,2015,208.000,Plateado,Diésel
Toyota Prado 3.0 Tx,$135.000.000,2011,164.760,Blanco,Diésel
Toyota Prado Txl 4.0 Gasolina 2020 At Con Garantia Toyota,$245.000.000,2020,31.285,Blanco,Gasolina
Toyota Prado 3.0 Tx,$129.800.000,2011,150.000,Negro,Diésel
Toyota Prado 2.7 Sumo,$62.500.000,2007,138.000,Gris,Gasolina
Toyota Prado 2.7 TX,$203.000.000,2020,56.000,Blanco,Gasolina
Toyota Fortuner 2.7l,$110.000.000,2017,268.000,Plateado,Gasolina
Toyota Prado Tx 2.8 Diesel 2024 At ,$315.000.000,2024,11.476,Blanco,Diésel
Toyota Prado 4.0 Tx-l Fl,$275.000.000,2023,15.400,Plateado,Gasolina
Toyota Prado 4.0 Tx-l,$138.000.000,2011,127.000,Plateado,Gasolina
Toyota Prado 4.0 Tx-l Fl,$265.000.000,2023,11.000,Blanco,Gasolina
Toyota Prado Txl 3.0 Automatica 4x4 Modelo 2015,$179.900.000,2015,109.840,Blanco,Diésel
Toyota Prado Vxl 3.0 Diesel 4x4 2012 Act 2022,$185.900.000,2012,185.073,Blanco,Diésel
Toyota Prado 3.0 Tx-l Fl 2,$260.000.000,2019,48.000,Plateado,Diésel
Toyota Prado Sumo Tx 2.7 4x4 Actualizado a 2022,$132.900.000,2014,93.324,Gris,Gasolina
Toyota Prado Tx-l 2025,$400.000.000,2025,100,Blanco,Gasolina
Toyota Prado 2.7 Sumo,$53.000.000,2005,185.351,Gris,Gasolina
Toyota Prado 2.8 Txl,$295.000.000,2021,51.000,Blanco,Diésel
Toyota Prado 3.0 Tx Fl 170 hp,$214.900.000,2015,133.000,Plateado,Diésel
Toyota Prado 3.0 Tx-l,$139.900.000,2011,156.000,Negro,Diésel
Toyota Prado Tx,$152.000.000,2014,169.300,Gris,Diésel
Toyota Prado 4.0 Tx-l Fl,$298.900.000,2021,25.000,Blanco,Gasolina
Toyota Prado Sumo Tx 2.7 4x4 Automatica,$104.900.000,2011,130.186,Gris,Gasolina
Toyota Prado 3.0 Tx-l Fl 2,$250.000.000,2018,64.581,Blanco,Diésel
Toyota Prado Vx 4x4 3.4,$74.000.000,2008,132.000,Gris,Gasolina
Toyota Prado Txl Diesel,$309.900.000,2022,36.000,Gris,Diésel
Toyota Prado 4.0 Vx Fl,$365.000.000,2022,13.500,Blanco,Gasolina
Toyota Prado 3.0 Tx-l Fl,$168.000.000,2014,172.000,Blanco,Diésel
Toyota Prado 3.0 Tx-l Fl,$219.000.000,2016,64.000,Color not found,Diésel
Toyota Prado 4.0 Tx,$150.000.000,2013,72.000,Plateado,Gasolina
Toyota Prado 3.0 Tx-l Fl,$239.990.000,2018,82.956,Plateado,Diésel
Toyota Prado 4.0 Tx,$144.990.000,2014,99.930,Plateado,Gasolina
Toyota Prado 3.0 Tx Fl,$185.000.000,2017,96.000,Plateado,Diésel
Toyota Prado 3.0 Tx,$149.990.000,2013,143.115,Plateado,Diésel
Toyota Prado 3.0 Tx Fl 161 hp,$169.990.000,2015,187.411,Blanco,Diésel
Toyota Land Cruiser Prado Txl 2020,$243.900.000,2020,106.000,Gris,Gasolina
Toyota Prado Tx 2015 - Blindada ,$188.990.000,2015,107.696,Dorado,Diésel
Toyota Prado 4.0 Tx-l Fl,$214.990.000,2020,68.738,Blanco,Gasolina
Toyota Prado 4.0 Tx-l Fl,$282.990.000,2023,7.241,Blanco,Gasolina
Toyota Prado 3.0 Tx Fl 161 hp,$162.990.000,2015,176.551,Blanco,Diésel
Toyota Prado 4.0 Tx-l,$150.000.000,2013,141.204,Blanco,Gasolina
Toyota Prado 2.7 Diésel Tx-L,$409.990.000,2024,2.300,Gris,Diésel
Toyota Prado 4.0 Tx-l,$129.990.000,2012,167.338,Gris,Gasolina
Toyota Prado 2.8 Tx-L At6,$325.000.000,2023,35.500,Gris,Diésel
Toyota Prado 3.0 Tx-l Fl,$218.000.000,2017,160.000,Blanco,Diésel
Toyota Prado 3.0 Tx Fl,$285.000.000,2020,52.000,Blanco,Diésel
Toyota Prado 3.4 Vx,$68.900.000,2008,141.400,Azul,Gasolina
Toyota Prado 3.0 2017 Diesel Blindada Blindex,$175.000.000,2017,128.000,Plateado,Diésel
Toyota Prado 3.0 Tx-l,$149.900.000,2012,152.000,Blanco,Diésel
Toyota Prado 3.4 Vx,$59.000.000,2000,255.000,Plateado,Gasolina
Toyota Prado 3.0 Tx-l,$155.000.000,2013,162.500,Blanco,Diésel
Toyota Prado 2.7 Tx Sumo,$115.000.000,2012,130.000,Plateado,Gasolina
Toyota Prado 2.7 Tx-l Sumo,$122.000.000,2011,104.000,Azul,Gasolina
Toyota Prado Txl Gasolina 2022 ,$289.900.000,2022,4.269,Gris,Gasolina
Toyota Fortuner 2.7l 4x2,$89.000.000,2013,121.500,Gris,Gasolina
Toyota Prado 3.0 Tx-l Fl,$265.000.000,2019,45.000,Blanco,Diésel
Toyota Prado 3.4 Vx,$70.000.000,2004,161.079,Gris,Gasolina
Toyota Prado Txl  2015 7 Puestos,$185.000.000,2015,106.000,Blanco,Diésel
Toyota Prado 3.4 Vx,$72.000.000,2007,126.000,Blanco,Gasolina
Toyota Prado 3.0 TXL,$220.000.000,2016,71.000,Blanco,Diésel
Toyota Fortuner 2.7l 4x2,$108.000.000,2014,153.300,Blanco,Gasolina
Toyota Prado 3.0 Tx-l Fl 2,$230.000.000,2018,67.000,Blanco,Diésel
Toyota Sequoia Sr5 Hibrida 2024,$395.000.000,2024,1,Gris,Híbrido
Toyota Fortuner 2.7l,$158.900.000,2019,66.000,Gris,Gasolina
Toyota Prado 3.0 Tx Fl,$298.000.000,2020,45.164,Gris,Diésel
Toyota Prado Txl Gasolina 2014 ,$165.000.000,2014,120.000,Blanco,Gasolina
Toyota Prado 2.7 Tx Fl Sumo,$305.000.000,2022,29.793,Gris,Diésel
Toyota Prado  4x4 3000cc At Aa,$135.000.000,2011,157.000,Negro,Diésel
Toyota Fortuner 2.7l Mid,$148.000.000,2020,60.500,Blanco,Gasolina
Toyota Prado 2.8 Txl,$389.000.000,2024,12.900,Blanco,Diésel
Toyota Prado 2.7 Sumo,$63.000.000,2004,175.000,Dorado,Gasolina
Toyota Prado 4runner Fortuner Land Cruiser Burbuja Fj Sahara,$100.000.000,2007,47.000,Plateado,Gasolina
Toyota Prado Txl 2025 Entrega Inmediata,$372.500.000,2025,1,Blanco,Gasolina
Toyota Prado 2.8 Tx-L At6,$299.500.000,2021,21.000,Plateado,Diésel
Toyota Prado 4.0 Tx,$143.000.000,2011,196.000,Negro,Gasolina
Toyota Prado 3.0 Tx-l,$165.000.000,2013,160.000,Plateado,Diésel
Toyota Prado 3.0 TX-L FI AT,$199.900.000,2016,78.147,Blanco,Diésel
Toyota Prado 2025 Tx,$318.900.000,2025,1,Blanco,Gasolina
Toyota Prado 2.7 Sumo,$75.000.000,2007,163.000,Gris,Gasolina
Toyota Prado 4.0 Tx-l Fl,$330.000.000,2023,30.800,Color not found,Gasolina
Toyota Prado 3.4 Vx,$94.900.000,2009,125.800,Color not found,Gasolina
Toyota Prado 3.0 Vx Fl,$360.000.000,2021,60.000,Blanco,Diésel
Toyota Prado 3.0 Vx Fl,$299.000.000,2020,120.000,Color not found,Diésel
Toyota Prado 3.0 Blindaje 2p,$173.900.000,2014,118.000,Plateado,Diésel
Toyota Prado 3.4 Vx,$50.000.000,1999,254.000,Color not found,Gasolina
Toyota Prado 3.0 Vx Fl 170 hp,$250.000.000,2015,60.000,Color not found,Diésel
Toyota Prado 3.0 Tx,$158.500.000,2014,112.600,Plateado,Diésel
Toyota Prado 3.0 Tx-l,$220.000.000,2018,125.399,Blanco,Diésel
Toyota Prado 3.4 Vx,$99.000.000,2009,204.300,Gris,Gasolina
Toyota Prado TXL 2.8,$318.000.000,2021,19.000,Blanco,Diésel
Toyota Prado 3.0 Tx-l,$145.000.000,2013,180.000,Plateado,Diésel
Toyota Prado 3.0 Tx-l Fl,$240.000.000,2020,70.000,Blanco,Diésel
Toyota Prado 3.0 Tx,$154.900.000,2012,115.000,Blanco,Diésel
Toyota Prado 2.7 Tx Sumo,$111.900.000,2011,113.400,Gris,Gasolina
Toyota Prado 4.0 Tx-l,$124.900.000,2012,117.700,Plateado,Gasolina
Toyota Prado 3.0 Tx-l Fl,$275.800.000,2020,49.000,Color not found,Diésel
Toyota Prado 2.7 Tx-l Sumo,$125.000.000,2010,120.000,Color not found,Gasolina
Toyota Prado 3.0 Tx-l Fl 170 hp,$198.000.000,2015,177.000,Blanco,Diésel
Toyota Prado 2.7 Sumo,$67.000.000,2009,160.000,Color not found,Gasolina
Toyota Prado 2.8 Tx-L At6,$305.000.000,2021,29.500,Blanco,Diésel
Toyota Prado 4.0 Tx-l Fl,$309.000.000,2023,20.000,Blanco,Gasolina
Toyota Land Cruiser 4.5 Imperial Lc200,$248.000.000,2010,196.000,Gris,Diésel
Toyota Prado 3.4 VX BLINDAJE 2,$63.000.000,2004,174.000,Gris,Gasolina
Toyota Fortuner Sw4 2.700cc A/t C/a 7 Puestos 2018 ,$148.900.000,2018,34.000,Blanco,Gasolina
Toyota Prado 3.0 Tx-l Fl,$174.000.000,2014,138.000,Color not found,Diésel
Toyota Prado 3.0 Tx-l Fl 170 hp,$198.000.000,2015,172.000,Blanco,Diésel
Toyota Prado 2.7 Sumo,$79.900.000,2009,120.000,Negro,Gasolina
Toyota Prado Txl 4x4 4000cc At Aa,$289.000.000,2022,1.552,Blanco,Gasolina
Toyota Prado Txl 2019,$277.000.000,2019,46.000,Blanco,Gasolina
Toyota Prado 3.0 Tx-l Fl 2,$270.000.000,2020,83.500,Blanco,Diésel
Toyota Prado 3.4 Vx,$47.800.000,2006,390.000,Gris,Gasolina
Toyota Prado 3.0 Tx-l Fl,$169.000.000,2014,152.000,Gris,Diésel
Toyota Prado First Edition,$399.000.000,2025,25,Blanco,Gasolina
Toyota Prado 3.4 Vx,$65.000.000,2007,160.000,Color not found,Gasolina
Toyota Prado 2.7 Sumo Ego,$67.500.000,2007,174.954,Color not found,Gasolina
Toyota Prado 2.8 Tx-L At6,$289.000.000,2021,29.900,Gris,Diésel
Toyota Prado 4.0 Vx,$139.800.000,2011,202.000,Blanco,Gasolina
Toyota Prado 4.0 Txl,$320.000.000,2024,1.000,Blanco,Gasolina
Toyota Prado 3.0 Tx-l Fl 2 Ii,$249.000.000,2020,84.000,Blanco,Diésel
Toyota Prado 2.7 Tx Sumo,$130.000.000,2012,70.000,Plateado,Gasolina
Toyota Prado 3.4 Vx,$44.200.000,2001,160.000,Gris,Gasolina
Toyota Prado 3.0 Tx-l Fl,$197.900.000,2017,156.000,Blanco,Diésel
Toyota Prado 4.0 Tx-l Fl 2 Ii,$254.000.000,2022,10.000,Color not found,Gasolina
Toyota Prado 3.0 Tx-l Fl 2,$249.000.000,2020,77.200,Gris,Diésel
Toyota Prado 2.7 Gx,$65.000.000,2006,155.000,Color not found,Gasolina
Toyota Prado 4.0 Tx,$131.500.000,2013,126.000,Blanco,Gasolina
Toyota Prado 2.7 Sumo,$64.500.000,2009,165.000,Blanco,Gasolina
Toyota Prado 2.7 Sumo Ego,$69.000.000,2008,135.000,Blanco,Gasolina
Toyota Prado 4.0 Tx-l Fl,$269.000.000,2022,27.700,Blanco,Gasolina
Toyota Prado 2.8 Tx-L At6,$363.000.000,2024,5.900,Color not found,Diésel
Toyota Prado 3.4 Vx,$70.000.000,2007,205.000,Color not found,Gasolina
Toyota Prado 2.7 Sumo,$62.000.000,2008,143.000,Gris,Gasolina
Toyota Prado Txl 2.8 Prado Diesel,$289.000.000,2021,57.000,Color not found,Diésel
Toyota Prado 2.7 Sumo Ego,$92.000.000,2008,126.000,Gris,Gasolina
Toyota Prado 3.0 Vx,$165.000.000,2012,199.000,Negro,Diésel
Toyota Prado 3.0 Tx-l Fl,$215.000.000,2017,104.000,Gris,Diésel
Toyota Prado 3.0 Tx-l,$160.000.000,2013,142.000,Color not found,Diésel
Toyota Prado TX-l 3.0 Fl,$249.000.000,2019,60.000,Blanco,Diésel
Toyota Prado 4.0 Vx Fl,$340.000.000,2020,63.500,Plateado,Gasolina
Toyota Prado 3.0 Tx Fl 170 hp,$169.900.000,2015,150.000,Color not found,Diésel
Toyota Prado 2.8 Tx-L At6,$278.000.000,2021,39.600,Color not found,Diésel
Toyota Prado 3.0 Tx-l Fl 2 Ii,$259.900.000,2020,60.000,Color not found,Diésel
Toyota Prado 3.0 Tx-l,$165.000.000,2014,150.000,Plateado,Diésel
Toyota Prado 4.0 Tx-l,$129.900.000,2012,180.000,Gris,Gasolina
Toyota Prado 3.0 Tx-l Fl,$204.900.000,2017,110.000,Blanco,Diésel
Toyota Prado 2.8 Tx-L At6,$327.000.000,2023,9.500,Gris,Diésel
Toyota Prado 3.0 Tx,$148.000.000,2012,225.000,Blanco,Diésel
Toyota Prado 3.0 Tx-l Fl,$164.000.000,2014,177.000,Gris,Diésel
Toyota Prado Tx.l 2020,$290.000.000,2020,66.611,Blanco,Diésel
Toyota Prado 4.0 Tx-l Fl 2 Ii,$209.800.000,2019,27.000,Gris,Gasolina
Toyota Prado 3.0 Tx-l Fl 170 hp,$185.000.000,2015,209.471,Gris,Diésel
Toyota Prado 2.7 Tx Sumo,$135.500.000,2012,136.000,Color not found,Gasolina
Toyota Prado 3.0 Tx Fl 170 hp,$179.000.000,2015,120.000,Color not found,Diésel
Toyota Prado 3.4 Vx,$72.900.000,2008,170.000,Color not found,Gasolina
Toyota Prado 3.0 Tx-l Fl 2,$285.000.000,2020,42.000,Color not found,Diésel
Toyota Prado 3.0 Tx Ambission,$155.800.000,2013,121.000,Plateado,Diésel
Toyota Prado 3.0 Tx-l Fl,$215.000.000,2017,106.000,Color not found,Diésel
Toyota Prado 4.0 Tx Fl,$150.000.000,2015,121.000,Blanco,Gasolina
Toyota Prado 3.0 Tx-l Fl 2,$310.000.000,2020,70.000,Blanco,Diésel
Prado First Edition,$390.000.000,2025,400,Blanco,Gasolina
Toyota Prado 4.0 Tx-l Fl,$225.000.000,2019,50.000,Blanco,Gasolina
Toyota Prado 3.0 Tx,$125.000.000,2012,189.000,Color not found,Diésel
Toyota Prado Lc 150 Txl,$230.000.000,2018,117.000,Color not found,Diésel
Toyota Prado 3.0 Tx-l Fl 2,$268.900.000,2020,60.000,Color not found,Diésel
Toyota Prado 2.7 Sumo Sound,$62.000.000,2008,148.000,Negro,Gasolina
Toyota Prado Sumo,$80.000.000,2008,95.000,Azul,Gasolina
Toyota Prado 3.4 Vx,$85.000.000,2005,180.000,Color not found,Gasolina
Toyota Prado 4.0 Tx-l Fl,$155.000.000,2014,103.000,Blanco,Gasolina
Toyota Prado 4.0 Txl,$300.000.000,2024,13.000,Blanco,Gasolina
Toyota Prado 4.0 Tx,$145.000.000,2013,160.000,Gris,Gasolina
Toyota Prado Txl,$392.500.000,2025,0,Color not found,Gasolina
Toyota Prado 3.0 Tx-l,$175.000.000,2012,150.150,Color not found,Diésel
Toyota Prado 4.0 Tx-l Fl,$299.900.000,2023,11.500,Color not found,Gasolina
Toyota Prado 2.7 Gx,$73.000.000,2009,124.000,Color not found,Gasolina
Toyota Prado 4.0 Vx Fl,$338.000.000,2022,18.319,Color not found,Gasolina
Toyota Prado 3.0 Tx-l,$142.000.000,2012,168.755,Negro,Diésel
Toyota Prado 2.7 Select,$49.000.000,1999,198.000,Color not found,Gasolina
Toyota Prado 2.8 Tx-L At6,$312.000.000,2022,26.000,Color not found,Diésel
Toyota Prado 3.0 Vx Fl,$285.000.000,2019,70.000,Color not found,Diésel
Toyota Prado 4.0 Tx-l Fl 2 Ii,$245.000.000,2022,14.500,Blanco,Gasolina
Toyota Prado 2.8 Tx-L At6,$415.000.000,2024,600,Blanco,Diésel
Toyota Prado 2.8 Tx-L At6,$325.000.000,2022,52.000,Gris,Diésel
Toyota Prado 3.0 Tx-l,$170.000.000,2014,15.500,Gris,Diésel
Toyota Prado TXL BLINDAJE II+ 4.0,$170.000.000,2014,105.000,Gris,Gasolina
Toyota Prado 3.0 Tx-l Fl,$240.000.000,2018,68.000,Blanco,Diésel
Toyota Prado 4.0 Tx,$130.000.000,2013,163.600,Plateado,Gasolina
Toyota Fortuner 3.0 Sr5,$95.000.000,2009,210.000,Gris,Diésel
Toyota Prado 2.8 Tx-L At6,$280.000.000,2021,35.000,Gris,Diésel
Toyota Prado 4.0 Tx-l Fl,$175.000.000,2014,108.000,Blanco,Gasolina
Toyota Prado 4.0 Tx,$130.000.000,2011,130.000,Blanco,Gasolina
Toyota Prado 3.0 Tx-l Fl 2,$268.000.000,2020,69.578,Gris,Diésel
Toyota Prado 2.8 Tx-L At6,$369.900.000,2023,3.000,Color not found,Diésel
Toyota Prado 2.7 Sumo,$51.000.000,2008,130.000,Color not found,Gasolina
Toyota Prado 3.0 Tx-l Fl,$265.000.000,2020,63.323,Blanco,Diésel
Toyota Prado 3.0 Txl,$155.000.000,2013,118.000,Negro,Diésel
Toyota Prado 4.0 Tx-l Fl 2022,$267.000.000,2022,12.800,Gris,Gasolina
Toyota Prado Vxm 4x4 3400cc Mt Aa,$78.000.000,2005,130.000,Gris,Gasolina
Toyota Prado 2.8 Vx At6,$428.800.000,2022,14.000,Blanco,Diésel
Toyota Prado 3.0 Tx,$130.000.000,2012,173.000,Gris,Diésel
Toyota Prado 4.0 Tx-l,$287.000.000,2022,22.000,Blanco,Gasolina
Toyota Prado 3.0 Tx-l Fl,$206.900.000,2017,128.000,Blanco,Diésel
Toyota Prado 2.7 Tx Sumo,$114.900.000,2011,126.700,Blanco,Gasolina
Toyota Prado 3.0 Tx-l Fl 170 hp,$185.000.000,2015,139.700,Plateado,Diésel
Toyota Prado 2.8 Tx-L At6,$339.900.000,2022,19.800,Gris,Diésel
Toyota Prado 4.0 Tx-l Fl,$200.000.000,2019,58.000,Gris,Gasolina
Toyota Prado 3.0 Vxl,$298.900.000,2018,81.600,Gris,Diésel
Toyota Prado Tx-l Fl Ii 4.0 Automática,$328.900.000,2024,3.500,Plateado,Gasolina
Toyota Prado Vx Blindada Mt,$75.500.000,2003,160.000,Verde,Gasolina
Toyota Prado 3.0 Tx Fl,$205.900.000,2017,129.000,Blanco,Diésel
Toyota Prado 4.0 Tx-l Fl,$289.000.000,2022,4.266,Gris,Gasolina
Toyota Prado 4.0 Tx,$124.900.000,2013,99.000,Plateado,Gasolina
Toyota Prado 3.0 Tx-l Fl,$230.000.000,2018,143.000,Blanco,Diésel
Toyota Prado 3.0 Vx B2+,$180.000.000,2013,143.000,Color not found,Diésel
Toyota Prado 2.7 Tx Sumo,$125.000.000,2012,130.000,Negro,Gasolina
Toyota Prado 2.8 Vx At6,$399.000.000,2022,15.000,Blanco,Diésel
Toyota Prado Txl 2025,$375.900.000,2025,0,Blanco,Gasolina
Toyota Prado 4.0 Tx-l,$170.000.000,2014,208.000,Blanco,Gasolina
Toyota Prado 3.0 Tx-l,$193.000.000,2014,186.000,Plateado,Diésel
Toyota Prado 3.0cc At Aa 4x4 ,$193.000.000,2015,147.000,Blanco,Diésel
Toyota Prado Vxl 3.0 Diesel 4x4 Mod 2020 ,$345.900.000,2020,31.782,Blanco,Diésel
Toyota Prado 4.0 Tx-l,$145.000.000,2011,155.000,Plateado,Gasolina
Toyota Prado 3.0 Tx Fl,$204.900.000,2017,109.000,Blanco,Diésel
Toyota Prado 3.0 Tx,$130.900.000,2011,221.200,Plateado,Diésel
Toyota Prado 3.4 Vx,$54.000.000,2006,265.000,Gris,Gasolina
Toyota Prado 3.0 Vx Fl,$245.900.000,2018,92.000,Gris,Diésel
Toyota Prado Tx 3.0 Diesel Blindaje 3 Sin Restriccion 2015,$222.900.000,2015,133.205,Blanco,Diésel
Toyota Prado 4.0 Tx-l,$119.900.000,2012,138.000,Plateado,Gasolina
Toyota Prado 2.7 Sumo Cruiser,$67.800.000,2007,136.000,Azul,Gasolina
Toyota Prado Vxa Automática Blindada Original De Fabrica ,$59.990.000,2004,260.000,Plateado,Gasolina
Toyota Prado 3.0 Tx-l Fl,$194.000.000,2016,134.800,Blanco,Diésel
Toyota Prado 3.0 Tx-l Fl,$205.000.000,2017,99.000,Blanco,Diésel
Toyota Prado 3.0 Vx Fl 170 hp,$211.900.000,2015,150.000,Color not found,Diésel
Toyota Prado 2.8 Tx-L At6,$303.500.000,2022,35.300,Gris,Diésel
Toyota Prado 3.0 Tx-l Fl,$230.000.000,2018,143.000,Blanco,Diésel
Toyota Prado 3.0 Tx Fl 170 hp,$154.900.000,2015,281.000,Plateado,Diésel
Toyota Prado 3.0 Tx-l Fl 2,$265.000.000,2020,53.000,Gris,Diésel
Toyota Prado 3.0 Tx-l Fl,$230.000.000,2016,18.000,Blanco,Diésel
Toyota Land Cruiser Prado ,$299.000.000,2025,0,Blanco,Gasolina
Toyota Prado 3.0 Tx-l Fl,$269.900.000,2020,73.400,Blanco,Diésel
Toyota Prado 4.0 Tx-l Fl,$151.500.000,2015,144.000,Plateado,Gasolina
Toyota Prado 4.0 Vx,$165.000.000,2013,142.486,Plateado,Gasolina
Toyota Prado 3.0 Tx-l Fl 2,$273.000.000,2020,53.300,Blanco,Diésel
Toyota Prado 3.0 Tx-l Fl 2 Ii,$255.000.000,2019,83.500,Blanco,Diésel
Toyota Prado 3.4 Vx,$54.900.000,2005,346.000,Blanco,Gasolina
Toyota Prado 2.8 Tx-L At6,$279.900.000,2021,65.000,Plateado,Diésel
Toyota Prado 3.4 Vx,$76.000.000,2008,156.310,Negro,Gasolina
Toyota Prado Txl 2.4 Gasolina 2025 At,$375.900.000,2025,0,Blanco,Gasolina
Toyota Prado 2.7 Tx Sumo,$109.900.000,2011,113.400,Gris,Gasolina
Toyota Land Cruiser Prado Vx Blindada,$345.000.000,2019,33.901,Color not found,Diésel
Toyota Prado 4.0 Tx-l,$140.000.000,2013,101.000,Blanco,Gasolina
Toyota Prado 3.0 Txl At 2011 4x4,$144.900.000,2011,151.000,Gris,Diésel
Toyota Prado 2.7 Tx Sumo,$109.000.000,2011,138.000,Gris,Gasolina
Toyota Prado 2.7 Sumo X-perience,$61.900.000,2007,143.000,Gris,Gasolina
Toyota Prado 4.0 Vx Fl,$365.000.000,2022,6.000,Blanco,Gasolina
Toyota Prado 4.0 Tx,$155.900.000,2014,169.343,Blanco,Gasolina
Toyota Prado Tx 2.8 70th Anv Diesel At Modelo 2023,$305.900.000,2023,27.000,Blanco,Diésel
Toyota Prado 2.7 Sumo,$59.900.000,2005,168.058,Plateado,Gasolina
Toyota Prado 3.0 Txl 4x4 Diesel At,$267.900.000,2020,55.071,Plateado,Diésel
Toyota Prado Txl 4.0 Blindaje 2 At Mod 2019 ,$254.900.000,2019,28.452,Blanco,Gasolina
Toyota Prado 4.0 Tx,$124.900.000,2014,216.000,Plateado,Gasolina
Toyota Prado Txl 2.4 Gaso 4x4 Turbo 2025 Con Cupon Descuento,$375.899.999,2025,0,Blanco,Gasolina
Toyota Prado 4.0 Vx Fl,$355.000.000,2023,26.800,Blanco,Gasolina
Toyota Prado Tx-l Aut,$187.000.000,2019,84.000,Blanco,Gasolina
Toyota Prado 3.0 Tx-l Fl 2,$228.900.000,2018,140.000,Blanco,Diésel
Toyota Prado 3.4 Vx,$50.000.000,2004,291.899,Plateado,Gasolina
Toyota Corolla Modelo 2023,$109.000.000,2023,32.000,Blanco,Gasolina
Toyota Prado 3.4 Vx,$68.900.000,2007,176.000,Blanco,Gasolina
Toyota Prado 3.4 Vx,$74.900.000,2007,247.900,Blanco,Gasolina
Toyota Prado Txl At 4x4,$248.900.000,2023,11.079,Blanco,Gasolina
Toyota Prado 2.7 Tx-l Sumo,$132.000.000,2013,161.000,Gris,Gasolina
Toyota Prado 3.0 Tx-l Fl,$205.800.000,2016,115.000,Blanco,Diésel
Toyota Prado 2.8 Tx-L At6,$279.800.000,2021,58.000,Blanco,Diésel
Toyota Prado 3.0 Tx-l Fl,$270.000.000,2020,84.300,Blanco,Diésel
Toyota Prado 3.0 Tx-l Fl 170 hp,$167.900.000,2015,111.000,Blanco,Gasolina
Toyota Prado 3.0 Tx-l,$167.900.000,2013,153.000,Blanco,Diésel
Toyota Prado 4.0 Tx-l Fl,$260.000.000,2021,68.188,Blanco,Gasolina
Toyota Prado 3.4 VX B2+,$82.000.000,2007,14.091,Gris,Gasolina
Toyota Prado 4.0 Tx-l Fl 2 Ii,$279.900.000,2020,38.000,Plateado,Gasolina
Toyota Prado Txl 4.0 At 4x4,$227.900.000,2021,32.624,Gris,Gasolina
Toyota Prado Vx At 4x4,$221.900.000,2020,71.320,Blanco,Gasolina
Toyota Prado Txl 3.0 B2+,$265.000.000,2019,61.800,Blanco,Diésel
Toyota Prado 3.4 Vx,$55.900.000,2003,215.738,Gris,Gasolina
Toyota Prado 3.0 Tx-l Fl,$299.800.000,2020,50.000,Plateado,Diésel
Toyota Prado 4.0 Vx Fl,$355.900.000,2022,5.000,Gris,Gasolina
Toyota Prado 4.0 Tx,$125.000.000,2011,185.000,Negro,Gasolina
Toyota Prado 2.7 Tx Sumo,$100.000.000,2011,220.000,Blanco,Gasolina
Toyota Prado 3.0 Txl Blindada ,$186.900.000,2015,147.800,Color not found,Diésel
Toyota Prado TXL 4.0,$285.000.000,2022,18.800,Color not found,Gasolina
Toyota Prado 4.0 Tx-l Fl,$229.900.000,2021,58.000,Gris,Gasolina
Toyota Prado Txl 3.0,$200.000.000,2016,70.000,Color not found,Diésel
Toyota Prado Txl Cc4000 Gasolina 4x4 7 Puestos Gris Oscura,$125.000.000,2011,140.000,Gris,Gasolina
Toyota Prado 3.0 Tx-l Fl 2,$275.000.000,2020,42.472,Gris,Diésel
Toyota Prado Txl 4.0 At 4x4,$248.900.000,2023,19.089,Plateado,Gasolina
Toyota Prado 4.0 Tx-l Fl,$175.000.000,2015,89.500,Gris,Gasolina
Toyota Prado Txl 3.0 Diesel At 4x4 Modelo 2011,$140.900.000,2011,142.556,Plateado,Diésel
Toyota Prado 3.0 Tx-l Fl,$189.800.000,2014,150.000,Blanco,Diésel
Toyota Prado 3.0 Tx-l Fl 2 Ii,$248.800.000,2019,85.000,Blanco,Diésel
Toyota Prado 2.8 Tx-L At6,$335.000.000,2022,45.200,Plateado,Diésel
Toyota Prado 4.0 Tx-l,$135.000.000,2013,201.000,Negro,Gasolina
Toyota Prado Txl 4.0 At 4x4 Mod 2016 Frente 2020 ,$177.900.000,2016,90.180,Blanco,Gasolina
Toyota Prado 2.7 Sumo,$63.000.000,2005,165.000,Plateado,Gasolina
Toyota Prado 3.0 Tx-l Fl 2,$270.000.000,2019,53.804,Blanco,Diésel
Toyota Fortuner 2.7l Mid,$160.000.000,2018,65.000,Blanco,Gasolina
Toyota Hilux 3.0 Srv,$110.000.000,2009,221.000,Blanco,Diésel
Toyota Prado 4.0 Vx Fl,$245.000.000,2018,56.900,Blanco,Gasolina
Toyota Prado 4.0 Tx,$149.900.000,2011,118.000,Plateado,Gasolina
Toyota Prado Txl 2024 B2+,$425.000.000,2024,27,Blanco,Diésel
Toyota Prado 3.0 Tx-l,$168.000.000,2013,106.000,Negro,Diésel
Toyota Prado Txl 3.0,$255.000.000,2020,96.500,Negro,Diésel
Toyota Prado Txl 2025 2.4 Turbo Gasolina 4x4 Full 278hp 430t,$375.900.000,2025,0,Blanco,Gasolina
Toyota Fortuner Modelo 2022,$205.000.000,2022,34.000,Blanco,Gasolina
Toyota Prado Txl 4.0 B2+,$330.000.000,2022,19.000,Blanco,Gasolina
Toyota Prado 4.0 Tx-l Fl,$244.900.000,2022,50.758,Blanco,Gasolina
Toyota Prado Txl 3.0,$275.000.000,2020,84.500,Blanco,Diésel
Toyota Prado 2.7 Tx Sumo,$112.000.000,2011,133.000,Plateado,Gasolina
Toyota Prado txl 3.0,$280.000.000,2020,70.400,Plateado,Diésel
Toyota Prado 3.4 Vx,$65.000.000,2006,168.000,Plateado,Gasolina
Toyota Prado Txl 4.0,$285.000.000,2023,7.000,Blanco,Gasolina
Toyota Prado 3.0 Tx-l,$165.000.000,2014,157.000,Gris,Diésel
Toyota Land Cruiser 4.0 Grj76,$219.000.000,2013,162.500,Gris,Gasolina
Toyota Prado 3.0 Tx-l Fl 2,$243.000.000,2019,83.000,Color not found,Diésel
Toyota Prado Vxl 3.0 Diesel 4x4 2013 Act 2022 ,$197.900.000,2013,160.380,Blanco,Diésel
Toyota Prado 4.0 Tx-l Fl 2 Ii,$299.000.000,2022,9.200,Blanco,Gasolina
Toyota Prado Txl 2020 B2+,$272.000.000,2020,68.316,Blanco,Diésel
Toyota Prado Tx,$129.800.000,2011,164.600,Plateado,Diésel
Toyota Prado 3.4 VXA AUTOMATICA 4X4,$49.900.000,2005,192.063,Gris,Gasolina
Toyota Prado 3.0 Tx-l,$138.900.000,2011,210.000,Gris,Diésel
Toyota Prado 4.0 Tx-l Fl,$258.000.000,2023,17.000,Blanco,Gasolina
Toyota Prado 3.0 Tx,$145.000.000,2013,197.000,Gris,Diésel
Toyota Prado 2.8 Tx-L At6,$344.900.000,2021,24.337,Blanco,Diésel
Toyota Prado 3.0 Tx,$151.900.000,2013,147.000,Blanco,Diésel
Toyota Prado 3.0 Tx-l Fl 2 Ii,$269.900.000,2019,74.200,Blanco,Diésel
Toyota Prado TXL 3.0,$260.000.000,2020,117.000,Gris,Diésel
Toyota Prado 3.0 Vx,$179.900.000,2013,142.000,Plateado,Diésel
Toyota Prado 4.0 Tx-l Fl 2 Ii,$205.900.000,2019,58.000,Plateado,Gasolina
Toyota RAV4 2.0 Street,$115.000.000,2020,85.000,Azul,Gasolina
Toyota Prado Sumo Mt 2700cc Aa 4x4 Fe,$62.800.000,2007,161.000,Azul,Gasolina
Toyota Prado 2.8 Tx-L At6,$340.000.000,2022,16.000,Plateado,Diésel
Toyota Prado txl 3.0,$280.000.000,2020,92.800,Gris,Diésel
Toyota Prado Txl 3.0,$228.000.000,2018,74.500,Plateado,Diésel
Toyota Prado 3.0 Tx Fl 170 hp,$159.900.000,2015,163.500,Color not found,Diésel
Toyota Fortuner 2.7l 4x2,$70.000.000,2011,195.000,Gris,Gasolina
Toyota Prado 2.7 Tx Sumo,$108.900.000,2010,146.295,Negro,Gasolina
Toyota Prado 3.0 Tx-l Fl,$194.900.000,2016,88.000,Blanco,Diésel
Toyota Prado 2.7 Sumo,$58.900.000,2008,170.222,Negro,Gasolina
Toyota Prado 2.7 Sumo,$65.000.000,2009,146.000,Gris,Gasolina
Toyota Prado Txl Land Cruiser,$259.900.000,2020,46.984,Blanco,Diésel
Toyota Prado 2.7 Sumo,$64.000.000,2006,190.040,Plateado,Gasolina
Toyota Prado 3.0 Tx-l Fl,$260.000.000,2020,78.000,Blanco,Diésel
Toyota Prado 3.4 Vx,$48.000.000,1999,288.000,Color not found,Gasolina
Toyota Prado Vx 3.0,$320.000.000,2019,49.000,Color not found,Diésel
Toyota Prado Vx B2+ 4.0,$390.999.000,2023,14.000,Color not found,Gasolina
Toyota Prado vx 4.0,$199.000.000,2014,125.600,Color not found,Gasolina
Toyota Prado tx 4.0,$168.000.000,2015,101.000,Color not found,Gasolina
Toyota Prado txl 3.0,$225.000.000,2017,106.500,Color not found,Diésel
Toyota Prado Txl 2018,$219.900.000,2018,57.600,Blanco,Gasolina
Toyota Prado 3.4 VXA AT 4x4 Blindada,$85.900.000,2009,127.931,Gris,Gasolina
Toyota Prado 4.0 Tx-l Fl,$229.900.000,2021,23.278,Blanco,Gasolina
Toyota Prado 2.8 Tx-L At6,$327.000.000,2023,27.000,Plateado,Diésel
Toyota Prado VX 4.0 Automatico 4x4,$269.900.000,2020,67.159,Blanco,Gasolina
Toyota Prado Txl 3.0 Diesel 4x4 Serie 2 At Modelo 2014,$168.900.000,2014,137.780,Gris,Diésel
Toyota Prado 3.0 Tx-l Fl 2 Ii,$244.900.000,2019,135.000,Gris,Diésel
Toyota Prado 3.0 Vx Fl,$289.000.000,2019,60.000,Blanco,Diésel
Toyota Prado Txl 2023 B2+,$310.000.000,2023,30.809,Blanco,Gasolina
Prado Txl 2025 Disponible Entrega Inmediata,$375.900.000,2025,0,Blanco,Gasolina
Toyota Prado 3.0 Tx,$149.900.000,2014,120.000,Gris,Diésel
Toyota Prado Txl 2023,$299.000.000,2023,6.512,Blanco,Gasolina
Toyota Prado Vxl (blindaje 2+r),$429.900.000,2021,14.000,Blanco,Diésel
Toyota Prado 4.0 Tx-l Fl 2 Ii,$248.500.000,2022,30.000,Plateado,Gasolina
Toyota Prado 3.0 Tx-l Fl 2 Ii,$239.900.000,2018,94.900,Blanco,Diésel
Toyota Prado Vx 2022,$348.000.000,2022,13.300,Blanco,Gasolina
Toyota Prado 3.0 Tx Fl,$225.900.000,2020,55.000,Blanco,Diésel
Toyota Prado Vx 4.0 B2+,$320.000.000,2022,35.000,Blanco,Gasolina
Toyota Prado txl 4.0,$240.000.000,2020,42.000,Blanco,Gasolina
Toyota Prado txl 2.8,$320.000.000,2023,35.600,Gris,Diésel
Toyota Prado txl 3.0 B2+,$250.000.000,2018,61.000,Blanco,Diésel
Toyota Prado 3.0 Tx-l,$182.900.000,2014,107.000,Plateado,Diésel
Toyota Prado Txl Fe Aut 3.0 4x4 2015,$185.900.000,2015,87.000,Gris,Diésel
Toyota Prado Sumo Tx 2.7,$110.000.000,2011,199.100,Color not found,Gasolina
Toyota Prado TXL 3.0,$270.000.000,2020,86.000,Color not found,Diésel
Toyota Prado Txl 2.8,$315.000.000,2021,52.500,Color not found,Diésel
Toyota Prado Vx 3.0,$305.000.000,2018,115.000,Color not found,Diésel
Toyota Prado TXL 3.0,$255.000.000,2019,95.000,Color not found,Diésel
Toyota Prado 3.4 Vx,$66.900.000,2007,178.000,Blanco,Gasolina
Toyota Prado Txl 2.8 4x4 Diesel At Mod 2023 ,$329.900.000,2023,6.239,Blanco,Diésel
Toyota Prado 3.0 Tx-l Fl 2 Ii,$299.900.000,2020,69.000,Gris,Diésel
Toyota Prado TXL TP 4.0 GSL,$208.000.000,2018,115.500,Blanco,Gasolina
Toyota Prado 3.0 Tx-l,$164.900.000,2013,161.000,Blanco,Diésel
Toyota Prado Txl 2.8 Diesel Blindaje 2 Modelo 2023,$380.900.000,2023,16.464,Plateado,Diésel
Toyota Prado 2.7 Sumo,$69.600.000,2009,174.000,Blanco,Gasolina
Toyota Prado 2.7 Sumo Ego,$53.900.000,2005,196.000,Gris,Gasolina
Toyota Prado txl 3.0,$185.000.000,2015,140.000,Plateado,Diésel
Toyota Prado 3.0 Tx,$144.999.000,2014,200.000,Blanco,Diésel
Toyota Prado 4.0 TXL Blindaje 2+,$148.900.000,2011,217.000,Gris,Gasolina
Toyota Prado 3.0 Tx-l Fl 2 Ii,$230.500.000,2018,142.000,Blanco,Diésel
Toyota Prado 3.0 Tx,$158.990.000,2013,171.294,Plateado,Diésel
Toyota Prado 4.0 Tx-l,$126.900.000,2012,168.000,Gris,Gasolina
Toyota Prado 3.4 Vx,$90.000.000,2009,150.000,Azul,Gasolina
Toyota Prado txl 3.0,$247.000.000,2018,95.300,Blanco,Diésel
Toyota Prado 3.0 Tx Fl 170 hp,$170.000.000,2015,174.478,Blanco,Diésel
Toyota Prado 4.0 Tx,$140.000.000,2011,153.431,Plateado,Gasolina
Toyota Prado 3.0 Tx,$134.500.000,2012,180.000,Color not found,Diésel
Toyota Prado 4.0 Tx-l,$129.900.000,2013,103.000,Blanco,Gasolina
Toyota Prado Txl 2018 B2+,$265.000.000,2018,89.700,Blanco,Diésel
Toyota Prado 3.0 Tx-l Fl,$239.900.000,2020,121.609,Blanco,Diésel
Toyota Prado 4.0 Vx Fl,$299.800.000,2019,49.000,Color not found,Gasolina
Toyota Prado 3.0 Tx Fl 170 hp,$161.000.000,2015,159.000,Color not found,Diésel
Toyota Prado Txl Gasolina 2.4l Turbo 4x4,$375.900.000,2025,0,Blanco,Gasolina
Toyota Prado Prado txl 3.0 B2+,$275.000.000,2019,57.000,Blanco,Diésel
Toyota Prado Txl 3.0,$180.000.000,2015,150.300,Plateado,Diésel
Toyota Prado 3.0 Tx-l Fl,$260.000.000,2018,57.000,Blanco,Diésel
Toyota Prado 3.0 Tx-l Fl 2,$265.000.000,2020,84.700,Blanco,Diésel
Toyota Prado Txl 3.0,$210.000.000,2017,67.000,Color not found,Diésel
Toyota Prado VX 3.4 V6 MT 4x4,$55.900.000,2005,180.000,Blanco,Gasolina
Toyota Prado 2.7 Tx Fl Sumo,$138.000.000,2014,93.000,Color not found,Gasolina
Toyota Prado 3.0 Vxl Version Europea,$109.990.000,2007,255.000,Azul,Diésel
Toyota Prado 2.8 Tx-L At6,$305.000.000,2021,14.000,Blanco,Diésel
Toyota Prado TXL 3.0,$210.000.000,2017,79.500,Color not found,Diésel
Toyota Prado 3.0 Tx-l Fl,$273.000.000,2019,104.148,Color not found,Diésel
Toyota Prado sumo 2.7,$62.500.000,2004,152.000,Color not found,Gasolina
Toyota Prado Vx 2019,$287.000.000,2019,66.000,Blanco,Diésel
Toyota Prado 2.7 Sumo,$68.500.000,2008,134.000,Gris,Gasolina
Toyota Prado 4.0 Tx,$116.500.000,2011,207.203,Plateado,Gasolina
Prado Tx 2.4 Gasolina 2025,$299.000.000,2025,0,Blanco,Gasolina
Prado Txl 2.4 4x4  2025,$375.900.000,2024,0,Blanco,Gasolina
Toyota Prado Txl Black Edition 2019,$247.000.000,2019,52.200,Blanco,Gasolina
Toyota Prado Txl 2015,$158.000.000,2015,118.000,Blanco,Gasolina
Toyota Prado Tx 2.4 Gaso Turbo 2025 Llantas Bf Goodrich Disp,$298.999.999,2025,0,Blanco,Gasolina
Toyota Prado 3.0 Tx-l Fl 2 Ii,$260.000.000,2019,79.000,Plateado,Diésel
Toyota Prado 4.0 Vx Fl,$310.000.000,2022,34.333,Blanco,Gasolina
Toyota Prado Txl 2018 B2+,$263.000.000,2018,102.121,Blanco,Diésel
Toyota Prado 4.0 Tx-l,$128.900.000,2010,141.000,Plateado,Gasolina
Toyota Prado 2.7 Gx,$63.900.000,2007,153.500,Gris,Gasolina
Toyota Prado 4.0 Vx Fl,$370.000.000,2022,13.924,Blanco,Gasolina
Toyota Prado Txl 4.0 Aut.4x4 V6 Estilo 2022 Blindaje 3 Techo,$149.990.000,2013,115.000,Blanco,Gasolina
Toyota Prado 4.0 Tx,$119.900.000,2011,164.000,Blanco,Gasolina
Toyota Prado Tx 2025 2.4 Turbo Gasolina 4x4 278hp 430 Tp Bon,$299.000.000,2025,0,Blanco,Gasolina
Toyota Prado 3.0 Tx-l Fl 2 Ii,$225.900.000,2018,142.000,Color not found,Diésel
Toyota Prado 4.0 Vx Fl,$232.900.000,2018,65.000,Plateado,Gasolina
Land Cruiser Prado Gasolina Tx,$299.000.000,2025,0,Blanco,Gasolina
Toyota Prado 4.0 Vx Fl,$360.000.000,2022,14.000,Color not found,Gasolina
Toyota Prado Txl 2.8,$287.000.000,2021,41.000,Color not found,Diésel
Toyota Prado Txl Black Edition 3.0 2014,$190.000.000,2014,131.400,Blanco,Diésel
Toyota Land Cruiser Prado Txl,$375.900.000,2025,0,Blanco,Gasolina
Toyota Prado Txl 2025,$385.000.000,2025,0,Color not found,Gasolina
Toyota Prado 3.0 Tx,$155.000.000,2014,132.175,Gris,Diésel
Toyota Prado 3.0 Tx-l Fl,$228.000.000,2017,96.000,Blanco,Diésel
Toyota Prado 3.0 Tx,$160.000.000,2013,224.174,Dorado,Diésel
Toyota Prado Sumo Tx 2.7,$108.000.000,2010,109.700,Color not found,Gasolina
Toyota Prado txl 3.0,$210.000.000,2017,97.000,Gris,Diésel
Toyota Prado 3.4 Vx,$50.000.000,2003,227.730,Gris,Gasolina
Toyota Prado 3.0 Tx-l Fl 161 hp,$185.000.000,2015,143.000,Color not found,Diésel
Toyota Prado Tx 4.0,$165.000.000,2012,134.000,Color not found,Gasolina
Toyota Prado Tx 4x4 Automatica 7 Puestos Blindaje 2 Full ,$114.990.000,2011,105.000,Gris,Gasolina
Toyota Prado 3.0 Tx-l Fl 2 Ii,$288.000.000,2020,68.000,Color not found,Diésel
Toyota Prado 3.0 Tx-l Fl 170 hp,$179.900.000,2015,153.500,Color not found,Diésel
Toyota Prado 3.0 Tx-l Fl 2 Ii,$274.900.000,2019,61.000,Blanco,Diésel
Toyota Prado 3.0 Tx-l Fl,$199.800.000,2017,111.609,Plateado,Diésel
Toyota Prado Tx  Diesel At  3.0l ,$154.000.000,2012,245.000,Gris,Diésel
Toyota Prado 3.0 Tx-l Fl,$199.900.000,2017,128.200,Blanco,Diésel
Toyota Prado Tx-l Aut 4x4 ,$113.200.000,2011,139.000,Color not found,Gasolina
Toyota Prado 3.0 Tx-l Fl 2 Ii,$249.000.000,2019,109.000,Gris,Diésel
Toyota Prado 2.7 Gx,$60.900.000,2007,165.000,Plateado,Gasolina
Toyota Prado 3.0 Tx,$151.000.000,2013,151.000,Plateado,Diésel
Land Cruiser Prado First Edition,$420.000.000,2024,0,Blanco,Gasolina
Toyota Prado Tx-l Blindaje 2 P,$314.300.000,2023,27.000,Color not found,Gasolina
Toyota Prado 3.0 Tx-l Fl,$159.000.000,2014,163.000,Color not found,Diésel
Toyota Prado 2.8 Tx-L At6,$379.900.000,2023,20.000,Blanco,Diésel
Toyota Prado 3.0 Tx-l Fl,$190.900.000,2016,164.000,Color not found,Diésel
Toyota Prado 3.0 Tx-l,$160.800.000,2013,112.000,Color not found,Diésel
Toyota Prado 3.0 Tx-l Fl 2 Ii,$244.900.000,2019,91.000,Color not found,Diésel
Toyota Prado 4.0 Tx-l,$145.900.000,2012,146.000,Blanco,Gasolina
Toyota Prado 4.0 Vx,$159.900.000,2012,165.000,Blanco,Gasolina
Toyota Prado 3.0 Tx-l Fl 2 Ii,$259.900.000,2019,49.000,Plateado,Diésel
Toyota Prado 2.7 Select,$58.500.000,2000,240.000,Gris,Gasolina
Toyota Prado 2.8 Tx-L At6,$323.000.000,2023,23.900,Gris,Diésel
Toyota Prado Txl 3.0 Blindaje 2,$190.000.000,2014,155.700,Blanco,Diésel
Toyota Prado Txl 3.0 Blindaje 2,$210.000.000,2015,153.900,Gris,Diésel
Toyota Prado 2.8 Vx At6,$409.900.000,2021,13.000,Blanco,Diésel
Toyota Land Cruiser 4.5 Fzj73,$75.000.000,1993,165.000,Dorado,Gasolina
Toyota Prado 3.0 Tx-l Fl 2 Ii,$320.000.000,2021,25.000,Blanco,Diésel
Toyota Prado 3.0 Tx-l Fl 161 hp,$195.000.000,2015,105.496,Blanco,Diésel
Toyota Prado 4.0 Tx-l Fl,$275.000.000,2020,37.637,Plateado,Gasolina
Toyota Prado 3.0 Tx-l Fl 170 hp,$189.000.000,2015,158.600,Gris,Diésel
Toyota Prado Txl Diesel Blindada,$134.900.000,2013,130.500,Color not found,Diésel
Toyota Prado 4.0 Tx-l Fl,$279.900.000,2023,17.300,Color not found,Gasolina
Toyota Prado 2.8 Vx At6,$375.000.000,2022,14.500,Blanco,Diésel
Toyota Prado 4.0 Tx-l Fl,$159.000.000,2014,154.300,Color not found,Gasolina
Toyota Prado 4.0 Tx-l Fl 2 Ii,$272.000.000,2022,22.000,Color not found,Gasolina
Toyota Prado 2.8 Tx-L At6,$309.900.000,2022,24.000,Color not found,Diésel
Toyota Prado 2.8 Vxl Europea,$270.000.000,2017,103.800,Plateado,Diésel
Toyota Prado 4.0 Tx,$131.900.000,2013,147.000,Color not found,Gasolina
Toyota Prado 3.0 Tx-l Fl 2 Ii,$230.000.000,2018,46.022,Plateado,Diésel
Toyota Prado 2.7 Sumo Mecanica 4x4,$63.700.000,2007,163.989,Gris,Gasolina
Toyota Prado 2.7 Sumo,$52.900.000,2005,280.000,Color not found,Gasolina
Toyota Prado 4.0 Tx,$135.900.000,2013,170.900,Gris,Gasolina
Toyota Prado 2.7 Gx,$69.900.000,2009,170.000,Color not found,Gasolina
Toyota Prado 2.7 Tx Sumo,$124.900.000,2011,125.000,Gris,Gasolina
Toyota Prado 3.0 Tx-l Fl 2,$310.000.000,2020,68.500,Blanco,Diésel
Toyota Land Cruiser 4.5 Fzj73,$94.990.000,1998,226.787,Dorado,Gasolina
Toyota Burbuja 4.5 Vx Fzj80,$74.900.000,1995,221.806,Dorado,Gasolina
Toyota Prado 3.0 Tx Fl 170 hp,$179.900.000,2015,138.800,Blanco,Diésel
Toyota Prado 4.0 Tx-l Fl,$164.900.000,2014,158.000,Plateado,Gasolina
Toyota Prado 2.8 Tx-L At6,$322.900.000,2023,7.200,Blanco,Diésel
Toyota Prado 3.0 Vx Fl,$309.900.000,2019,34.000,Plateado,Diésel
Toyota Prado 3.0 Tx Fl,$200.000.000,2017,78.000,Color not found,Diésel
Toyota Prado 2.8 Tx-L At6,$274.000.000,2021,66.000,Blanco,Diésel
Toyota Prado 3.0 Tx-l,$150.000.000,2013,130.900,Color not found,Diésel
